[
   {
      "drawableUrl":"http://cdn.mobcon.com/wp-content/uploads/2015/02/tim-messerschmidt2.png",
      "mText":"Ivan Ivanov"
   },
   {
      "drawableUrl":"http://cdn.mobcon.com/wp-content/uploads/2015/02/murat-yener.png",
      "mText":"Georgi Dimitrov"
   },
   {
      "drawableUrl":"http://cdn.mobcon.com/wp-content/uploads/2015/02/pic11.png",
      "mText":"Stoil Ivanov"
   },
   {
      "drawableUrl":"http://cdn.mobcon.com/wp-content/uploads/2015/02/enrique-lopez.png",
      "mText":"Stoil Georgiev"
   }
]